Date,Text
2019-12-31,"2003 Toyota Landcruiser Prado Grande Auto 4x4

üí¨ Vehicle Description: https://t.co/Un9Q3BWM6u

# 1 YEAR WARRANTY #‚Ä¶ https://t.co/lXBNuP1iVR"
2020-01-02,"2003 Toyota Landcruiser Prado Grande Auto 4x4

üí¨ Vehicle Description: https://t.co/Un9Q3BWM6u

# 1 YEAR WARRANTY #‚Ä¶ https://t.co/F5OKtXs4IR"
2020-01-03,"2017 Toyota Fortuner GXL Auto 4x4 Diesel

üí¨ Vehicle Description: https://t.co/ZGDVdudS8X

# 1 YEAR WARRANTY # 24 HO‚Ä¶ https://t.co/eErNHP8oqV"
2020-01-06,"2017 Toyota Fortuner GXL Auto 4x4 Diesel

üí¨ Vehicle Description: https://t.co/ZGDVdudS8X

# 1 YEAR WARRANTY # 24 HO‚Ä¶ https://t.co/Wd7Pow0Du0"
2020-01-07,"these idiots talk about how much money they save by not having to buy gas

yeah you saved maybe $500 over last 3 ye‚Ä¶ https://t.co/04QF6V0aua"
2020-01-08,"@_Shinyodd_ My fav JDM car is the Toyota MR2. This thing could beat a Supra and NSX stock, when modified it could m‚Ä¶ https://t.co/UTudZ5zqNJ"
2020-01-09,"Toyota Camry 2014 Model With Sunroof and Reverse Camera clean available for sale price GHS63,000

 prospective buye‚Ä¶ https://t.co/jETXStAwdK"
2020-01-10,"Lot of questions about Tesla stock these days.  Couple observations...

Toyota 2019 revenue = $290.2B
Tesla 2019 re‚Ä¶ https://t.co/EsTJpcqgHX"
2020-01-13,"JUST ARRIVED!!
2019 Toyota Tacoma 
Stock# 14579
Mileage: 11,323
4x4
Engine3.5 L
Transmission Automatic

(209)421-88‚Ä¶ https://t.co/V6ekS2kxmW"
2020-01-14,"It's bank holiday weekend... we almost forgot!

VW, Audi and Toyota pistons are still on sale at a mega discounted‚Ä¶ https://t.co/6tnQaumQoi"
2020-01-15,@NorthmanTrader What is a tech stock now? Seems like BMW and Toyota just need to add in an iPad. And they could be a tech stock too.
2020-01-16,In need of reliability? Just in is our 2009 Toyota Corolla! This stylish car is listed at just under $6k! Manual tr‚Ä¶ https://t.co/VnDUGSHz0v
2020-01-17,"JUST LAUNCHED
Stock #062327T3
2013 Toyota Tundra SR5
MORE INFO: https://t.co/aLG6FrehO3
4X2 4.6L V-8 cyl
Magnetic G‚Ä¶ https://t.co/YWfVNoJfTW"
2020-01-21,RT @SVI_Engineering: Current bullet proof stock: B4 (handgun protected) Toyota Fortuner https://t.co/yqFGL5om0c
2020-01-22,"Another Van arrives in stock.

Latest style Toyota Proace Comfort with super low mileage and a high specification.‚Ä¶ https://t.co/8YSEAx9zEU"
2020-01-23,RT @SVI_Engineering: Current bullet proof stock: B4 (handgun protected) Toyota Fortuner https://t.co/yqFGL5om0c
2020-01-24,RT @SVI_Engineering: Current bullet proof stock: B6 (assault rifle protected Toyota Fortuner (new) https://t.co/epPu5BGMA2
2020-01-27,RT @SVI_Engineering: Current bullet proof stock: B4 (handgun protected) Toyota Fortuner https://t.co/yqFGL5om0c
2020-01-28,Current bullet proof stock: B4 (handgun protected) Toyota Fortuner https://t.co/yqFGL5om0c
2020-01-29,Current bullet proof stock: B6 (assault rifle protected Toyota Fortuner (new) https://t.co/epPu5BGMA2
2020-01-30,"RT @newsinvesting: SoftBank, Toyota venture unveils van with enhanced airflow as COVID-19 measure - https://t.co/dZdhK1F6Yk"
2020-01-31,"SoftBank, Toyota venture unveils van with enhanced airflow as COVID-19 measure - https://t.co/dZdhK1F6Yk"
2020-02-03,"SoftBank, Toyota venture unveils van with enhanced airflow as COVID-19 measure - https://t.co/Xq1qaWL1TG"
2020-02-04,"Simply Facebook, Amazon , Apple, Toyota, Softbank all these giants still raise scaling capital daily through stock markets ..."
2020-02-05,"Spera awaseru no kai ATROBE üò≠ü§£ Chimuelo washed by wifey üöôüí¶‚ù§Ô∏èüá®üáº carolcastillo8445 
[26-Aug-2020] #toyota‚Ä¶ https://t.co/B1GAsxfxi4"
2020-02-06,NOW WRECKING 2015 TOYOTA CAMRY 2.5L AUTOMATIC PETROL STOCK NUMBER W0414 CALL 1300 363 593 FOR INQUIRIES OR VISIT‚Ä¶ https://t.co/bCFAkQ1OqC
2020-02-07,NOW WRECKED 2007 TOYOTA HIACE 2.7L AUTOMATIC VAN STOCK NUMBER W0413 CALL 1300 363 593 FOR INQUIRIES OR VISIT‚Ä¶ https://t.co/KIxAlRsQvL
2020-02-10,NOW WRECKED 2010 TOYOTA HIACE 2.7L 5 SPEED MANUAL VAN STOCK NUMBER W0411 CALL 1300 363 593 FOR INQUIRIES OR VISIT‚Ä¶ https://t.co/h7oehDShQA
2020-02-11,"RT @autoshackghana: QUALITY Starters and Alternators now in stock! 

@autoshackghana is your Car PARTner! 
‚òéÔ∏è 0576974225 (057MYSHACK)

#alt‚Ä¶"
2020-02-12,"RT @autoshackghana: Complete Engine Assembly for Toyota Corolla (2009-2013 models) now in stock! 

@autoshackghana is your Car PARTner! 
‚òéÔ∏è‚Ä¶"
2020-02-13,"Complete Engine Assembly for Toyota Corolla (2009-2013 models) now in stock! 

@autoshackghana is your Car PARTner!‚Ä¶ https://t.co/fzVQIOVakS"
2020-02-14,@tigermike1975 @Fopakjak @SportsJimShow @mariarose_xo He probably has Toyota stock.
2020-02-18,Check out this lease on a 2020 Toyota Prius Prime! In stock and ready to be delivered to your home or office! Check‚Ä¶ https://t.co/ebUl5RTRtA
2020-02-19,Is a Bone Stock Toyota Supra Boring? (22 Years Later) https://t.co/7RGwg0QJuK via @YouTube
2020-02-20,@VeeKunBits Honestly nothing can beat the 1995 or 1994 toyota corolla but that doesn't mean the 2020 is soy. It can‚Ä¶ https://t.co/7Ohv6deiGL
2020-02-21,"$SPAC $GMHI - To date Luminar has raised over $250 million and has 40 partners including Toyota, Volvo, and Audi. W‚Ä¶ https://t.co/Sj9JhMsrfQ"
2020-02-24,RT @Schuldensuehner: Just to put things into perspective. #Tesla has surged 18% since it announced a stock split 2days ago. Musk company no‚Ä¶
2020-02-25,"$TM Toyota's Certified Technician Program Expands Nationwide
https://t.co/9zJTkdD89G"
2020-02-26,@ericaltm @ICannot_Enough I will say this:  4 years ago I would have stated that EXACT statement.  BUT I drove a P1‚Ä¶ https://t.co/8N6vFU6OdL
2020-02-27,"QUALITY Starters and Alternators now in stock! 

@autoshackghana is your Car PARTner! 
‚òéÔ∏è 0576974225 (057MYSHACK)‚Ä¶ https://t.co/AfkQUULvJG"
2020-02-28,"RT @Schuldensuehner: Just to put things into perspective: #Tesla is priced at 6,348 times 2019 earnings. Stock is priced at 166 times 2021‚Ä¶"
2020-03-02,"New stock in!! 
FULLY LOADED-TOYOTA ALPHARD
‚àö 2013 Model 
‚àö Black
‚àö 2.5 L 
‚àö Petrol Engine 
‚àö Leather  Interior | S‚Ä¶ https://t.co/5xiXbheNnC"
2020-03-03,"New stock in!! 
FULLY LOADED-TOYOTA LAND CRUISER TX
‚àö 2013
‚àö Black
‚àö 2.7 L 
‚àö Leather  Interior | Seat Controls 
‚àö‚Ä¶ https://t.co/tvbokxoPmK"
2020-03-04,@RealtorProblemz 20M vehicles a year is the current annual sales of the world‚Äôs 2 biggest car companies- VW and Toy‚Ä¶ https://t.co/SrEhB4NROR
2020-03-05,Is a Bone Stock #Toyota Supra Boring? (22 Years Later) by ThatDudeinBlue #cars : https://t.co/hoUBWtCHHA https://t.co/5yEpnqLY3n
2020-03-06,New Truck in stock - 2020 Toyota Tacoma 4WD (Salvage) https://t.co/9U8aj6NJol
2020-03-09,The main reason to replace headlights as soon as possible is safety. Safety first then the rest follows! We have To‚Ä¶ https://t.co/qfFUklEnLi
2020-03-10,Don't forget to stock up on Toyota &amp; Lexus inventory tomorrow! You can also find fresh Toyota &amp; Lexus product on OV‚Ä¶ https://t.co/207EOUr4IP
2020-03-11,"What's better than getting Toyota's legendary reliability and technology? Saving on an already affordable rideüòâ 
-‚Ä¶ https://t.co/ZQv1WCHGeO"
2020-03-12,@B4_4L @ABiggiePiggie @CIA @CFR_org @StateDept @DeptofDefense @FBI @NSAGov @GCHQ @DARPA @ENERGY @DefenseIntel @NCSC‚Ä¶ https://t.co/qlNbD6jJzp
2020-03-13,We have used Toyota Prius parts in stock including this 2013 Toyota Prius that just appeared in our latest episode‚Ä¶ https://t.co/cTsWDNsMsX
2020-03-16,"@chactivist @TheTweetsTimes Remember when Toyota, one of the progenitors of just in time, lost months of vehicle pr‚Ä¶ https://t.co/Yq7Dhdj34S"
2020-03-17,"3 years 30k miles &amp; countless memories
.
.
.
.
.
.
.
.
#frs #gt86 #gr86 #brz #toyota #subaru #toyobaru #scion #tein‚Ä¶ https://t.co/80U9ZRvPqJ"
2020-03-18,We have had an influx of deliveries recently and these popular IS200 visors are now back in stock‚Ä¶ https://t.co/C4U7PGc8q1
2020-03-19,"Not in Hydrogen stocks yet? Barrons says ""surging"" with good reason.  My picks $NKLA w 30% growth in 30 Days. $FCEL‚Ä¶ https://t.co/yGy3wyf5Hj"
2020-03-20,"**NEW STOCK**

Check out this cool #ARB Bluetooth capable fridge üò±üò±

And a variety of #TMax winches üòé

#4x4‚Ä¶ https://t.co/v9TorOOZMY"
2020-03-23,@TweetOrSTFU @Reagan_Bear @Lizzygang @jeniferflee Broh I will be honest with you there‚Äôs people that really makes m‚Ä¶ https://t.co/J1Uvw2A3kJ
2020-03-24,@B4_4L @ABiggiePiggie @CIA @CFR_org @StateDept @DeptofDefense @FBI @NSAGov @GCHQ @DARPA @ENERGY @DefenseIntel @NCSC‚Ä¶ https://t.co/NmgJHY1PKO
2020-03-25,"We

Love

Engines!

Let's REV SOME ENGINES!

NEATR presents Running Engines...

Featured Engine
-Toyota Tundra
-NEA‚Ä¶ https://t.co/gFzEyA77C1"
2020-03-26,Hurry before the stock runs out! Our remaining 2019's are waiting for you at such great prices you can't pass up! V‚Ä¶ https://t.co/6gTpHovxpx
2020-03-27,"@votevets I know quite a few of employees who work at the Toyota plant north of Lexington, KY. There seems to be a‚Ä¶ https://t.co/CzDkVMv5Va"
2020-03-30,New Truck in stock - 2016 Toyota Tundra 4WD Truck (Salvage) https://t.co/ii91kL52Bb
2020-03-31,New Truck in stock - 2016 Toyota Tundra 2WD Truck (Salvage) https://t.co/RSgqdob3k8
2020-04-01,@Jeep Why does the radio on my 2015 Wrangler need to be replaced already?????!! Help. Don‚Äôt make me be the laughing‚Ä¶ https://t.co/rCjr1PcuJD
2020-04-02,There's no need to wait to stock up on fresh Toyota &amp; Lexus inventory because the time is NOW! Click the link below‚Ä¶ https://t.co/LhdA36OTqq
2020-04-03,"To everyone driving a hybrid: Thank you. To everyone who'd like to contribute: It's not too late üòä 
-
You can check‚Ä¶ https://t.co/iTQREMIrCU"
2020-04-06,"@AntonyWrites Those details feel on-brand for Toyota, who are seemingly trying to make everything look like a Tacom‚Ä¶ https://t.co/TMLn352u7l"
2020-04-07,"WOW! An amazing shot of the 4Runner by @mtn_4r. The next time you‚Äôre looking for a dependable vehicle, check out ou‚Ä¶ https://t.co/MoWSjChY78"
2020-04-08,"#FakingIt How on Mars is @Tesla , which sells 319k cars, &lt;1% of the world mkt, worth $382B in mkt cap, or more than‚Ä¶ https://t.co/JiZurexcUt"
2020-04-09,"üî• MAMA'S HOT DEAL OF THE DAY üî•

***2013 Toyota Sienna LE***

**Only 70K Miles!**
**Now Only $16,850!!**

[Stock# k1‚Ä¶ https://t.co/ULHuw14Iu6"
2020-04-13,"Toyota Raize ‚Äì a new cool compact SUV. Starting From Rs.67,400/- per month on Personal Contract Plan.
Website -‚Ä¶ https://t.co/qdaN2AIu3K"
2020-04-14,Driveaway a BMW 316i to suit your budget. Come chat with our Sales Specialists about our unique PCP financing optio‚Ä¶ https://t.co/8Zo5NRoFss
2020-04-15,"Have you had a look at benefits of buying Toyota Plus Approved Used?

To search our stock and to read more about th‚Ä¶ https://t.co/fYLFmboAqo"
2020-04-16,"TOYOTA 8FB/8FD/8FG20~25
VALVE ASSY, HYDROSTATIC STEERING
 === 5 OIL HOLE TYPE ====
1PC  =  US$698.00/PC 
3PCS =  US‚Ä¶ https://t.co/4UU5nlrgyz"
2020-04-17,"1. You have to use a stock car. So how it is straight from the dealership. No modifying no nothing. 
2. Any package‚Ä¶ https://t.co/Cfv1QH5INh"
2020-04-20,@MrCrouton80 @Dave_Oakden @sydney_ev @nikolatrevor @TeslaJoy Hydrogen eats away at anything that contains it. Even‚Ä¶ https://t.co/JM2j1G7MTd
2020-04-21,@SizweLo The Japanese government's maximum spending in their economy was 20% a year of GDP from 1945 to 1965. The s‚Ä¶ https://t.co/tshMcrHvWU
2020-04-22,"@JonErlichman It's amazing how the stock market works. Tesla hasn't sold as  many cars as Toyota, and only has two‚Ä¶ https://t.co/GEte458Rcj"
2020-04-23,@Dlt1228 @ysdavis @UKCoachCalipari @Toyota The pct of profits kept now by corporations is the highest ever and been‚Ä¶ https://t.co/5XUyUL3Xgz
2020-04-24,"@rzonta with a Toyota Corolla (RCM, Won the 4th Stock Car Race. (Interlagos - Brazil (Sao Pablo) - August 23, 2020). https://t.co/YWZVNk6689"
2020-04-27,"New article: ""Toyota Kirloskar, Auto News, ET Auto"" has been published on Fintech Zoom - https://t.co/hNVXWGJKws‚Ä¶ https://t.co/fcXLjE8dMF"
2020-04-28,"There‚Äôs really no way that Toyota could really own all of tesla since it is a publicly traded company.
Publix isn‚Äôt‚Ä¶ https://t.co/tKMXRXDI1x"
2020-04-29,"Also, a quantity share of Tesla stock is owned by Toyota Corporation, which is also a kind of stock that I can purchase"
2020-04-30,"@zzap @Henry__Crown Not just holding costs, but the cost of marking down products that have weak demand.

- it‚Äôs no‚Ä¶ https://t.co/NgrY90tJ8s"
2020-05-01,RT @Bristol_Toyota: Brandon Jones Leads Team Toyota at Road America https://t.co/muFehwoMJs https://t.co/n4Yuxo1ydO
2020-05-04,"So many people believe in their success that the stock price is too high. 

The p/e ratio (price to earnings) is th‚Ä¶ https://t.co/rOoKA09Bvb"
2020-05-05,RT @fredautohub: Jusy arrived from Canada accidental free Toyota Matrix 2004 Toyota Corolla 2005 Toyota 4Runner 2010 Lexus rx250 2011 pleas‚Ä¶
2020-05-06,1 year ago I signed my life away to @Toyota. Made a lot of memories and a TON of road trips to Florida and Tennesse‚Ä¶ https://t.co/xrSXllJjLf
2020-05-07,@gwestr @luciusfgrant @iamratkiller @Trumpery45 @ghost_scot @TilmanWinkler @Rivian @Tesla The biggest powerpoint mi‚Ä¶ https://t.co/ZzlZAfFseV
2020-05-08,"RT @kevinduffy1929: Tesla has become the poster child of the millennial bubble, p.c. bubble, EV bubble and VC bubble.  Its stock commands a‚Ä¶"
2020-05-11,"Dear @themotleyfool, when you write an article about @dexcom, it would be nice you'd actually show a Dexcom sensor‚Ä¶ https://t.co/ub2LCcUa9P"
2020-05-12,"RT @kevinduffy1929: Tesla has become the poster child of the millennial bubble, p.c. bubble, EV bubble and VC bubble.  Its stock commands a‚Ä¶"
2020-05-13,"Tesla has become the poster child of the millennial bubble, p.c. bubble, EV bubble and VC bubble.  Its stock comman‚Ä¶ https://t.co/diMpYrRgwe"
2020-05-14,"2003 Toyota RAV4 D-4D GX Estate 2.0 Diesel Manual Black

BREAKING FOR SPARES 

Call us for parts 01213681080

or vi‚Ä¶ https://t.co/bOg7I96cwJ"
2020-05-15,"Toyota 15‚Ä≥ wheel for sale:
Stock no. MWS205
Number of wheels in stock: 1
Part no. 9143T2
No. of spokes: 6, 6 hole‚Ä¶ https://t.co/WxlK8s3rv9"
2020-05-18,"Does Tesla's stock price just stay where it is for the next ten years? Tesla has the market cap of Chrylser, Ford,‚Ä¶ https://t.co/piTcWvSzqN"
2020-05-19,"RT @IPortfolio: 2020 Toyota C-HR Club SUV Stock Photography. Find the world‚Äôs largest collection of #SUVImages at izmoStock, including #Toy‚Ä¶"
2020-05-20,@ArrashZ If fundamentals mattered in the stock market $TSLA wouldn't be worth over $2000 a share and below car comp‚Ä¶ https://t.co/j55ImGE8VK
2020-05-21,"In today's episode of You People Are Insane:

@Tesla's stock price indicates investors believe them to be worth mor‚Ä¶ https://t.co/BKAkXgoJFS"
2020-05-22,NOW WRECKING 2015 TOYOTA CAMRY 2.5L AUTOMATIC SEDAN STOCK NUMBER W0409 CALL 1300 363 593 FOR INQUIRIES OR VISIT‚Ä¶ https://t.co/4m4UM9NWxj
2020-05-26,Stock Toyota speakers are a joke https://t.co/lqHcEbCX8J
2020-05-27,New Truck in stock - 2020 Toyota Tacoma 4WD (Salvage) https://t.co/OnYswOKYI5
2020-05-28,"@ShyCybertruck @808Vinny @WholeMarsBlog @Tesla Like if Trevor told him info that's not public, they partnered with‚Ä¶ https://t.co/kSmGdFJCGS"
2020-05-29,"Bit of a bubble here ""Tesla‚Äôs market cap per car sold over the TTM period is $880.2k, or more than 44 times higher‚Ä¶ https://t.co/K363YflJvK"
2020-06-01,"Tesla's stock is being treated like a biotech, says GGV Capital's Richards ‚Å¶@CNBC‚Å© Tesla is bitcoin... period!  The‚Ä¶ https://t.co/znNbtFDWYG"
2020-06-02,@juliomr100 @DarkAlvy @TechDeals_16 Why would you buy a $700 processor to run it at stock frequencies on a below av‚Ä¶ https://t.co/Dvi36cJXbs
2020-06-03,"Stock Car Brazil, Interlagos/1, 1st free practice: Bruno Baptista (RCM Motorsport, Toyota Corolla), 1'47.357, 144.493 km/h"
2020-06-04,Brandon Jones Leads Team Toyota at Road America https://t.co/tYhn4YNyHi https://t.co/COXO4vRzOg
2020-06-05,Brandon Jones Leads Team Toyota at Road America https://t.co/muFehwoMJs https://t.co/n4Yuxo1ydO
2020-06-08,"The rally pushed Tesla's market capitalization to nearly $372 billion, surpassing the market value of Walmart, wort‚Ä¶ https://t.co/1xz0mYibTw"
2020-06-09,Monday was a pretty momentous day in the UK Toyota Supra drag racing world where Kenny Sea (h8sup) realised his goa‚Ä¶ https://t.co/HT06F3NpGQ
2020-06-10,Driveaway a Toyota Vitz to suit your budget. Come chat with our Sales Specialists about our unique PCP financing op‚Ä¶ https://t.co/1EWJZksX1I
2020-06-11,"@Model3Owners OK there are three awesome things coming:
1) Stock split. (Always helps a stock)
But if the stock fal‚Ä¶ https://t.co/TzpShQmEhA"
2020-06-12,"RT @brookskcbsradio: Is there any stopping #Tesla?  The stock is up 50% over the past ten days, above $2K for the first time, and its marke‚Ä¶"
2020-06-15,"Is there any stopping #Tesla?  The stock is up 50% over the past ten days, above $2K for the first time, and its ma‚Ä¶ https://t.co/NfzO2MlF1G"
2020-06-16,RT @TheOnlyRampart1: $FRSX keep in mind they have had 3 or 4 pilot projects this years I think. they are with big unknown companies. We get‚Ä¶
2020-06-17,"Toyota Motor Corp. will withdraw from the U.S. subcompact car market. Currently, the Yaris is the only subcompact c‚Ä¶ https://t.co/hVDJ1j1LkA"
2020-06-18,RT @TheOnlyRampart1: $FRSX keep in mind they have had 3 or 4 pilot projects this years I think. they are with big unknown companies. We get‚Ä¶
2020-06-19,RT @TheOnlyRampart1: $FRSX keep in mind they have had 3 or 4 pilot projects this years I think. they are with big unknown companies. We get‚Ä¶
2020-06-22,$FRSX keep in mind they have had 3 or 4 pilot projects this years I think. they are with big unknown companies. We‚Ä¶ https://t.co/m2l0vK9zr2
2020-06-23,Toyota sees higher vehicle output in Japan in September - https://t.co/cxdYCBzVwz
2020-06-24,"2016 Toyota Corolla Ascent Auto

üí¨ Vehicle Description: https://t.co/NaVSSbGIoP

# 1 YEAR WARRANTY # 24 HOURS MONEY‚Ä¶ https://t.co/tgLqZMBIda"
2020-06-25,Toyota sees higher vehicle output in Japan in September - https://t.co/kdHYm27HBd
2020-06-26,"2016 Toyota Corolla Ascent Auto

üí¨ Vehicle Description: https://t.co/NaVSSbGIoP

# 1 YEAR WARRANTY # 24 HOURS MONEY‚Ä¶ https://t.co/AENdQaH2r8"
2020-06-29,"2005 Toyota Landcruiser Prado GXL Auto 4x4

üí¨ Vehicle Description: https://t.co/gpAaosjy8Y

# 1 YEAR WARRANTY # 24‚Ä¶ https://t.co/7LNcCzxFvq"
2020-06-30,"2005 Toyota Landcruiser Prado GXL Auto 4x4

üí¨ Vehicle Description: https://t.co/gpAaosjy8Y

# 1 YEAR WARRANTY # 24‚Ä¶ https://t.co/Uo976ZQ4J8"
2020-07-01,"2000 Toyota Landcruiser Prado GXL Auto 4x4

üí¨ Vehicle Description: https://t.co/YXyNOyjKm7

# 1 YEAR WARRANTY # 24‚Ä¶ https://t.co/yYBFwZoWgx"
2020-07-02,"2000 Toyota Landcruiser Prado GXL Auto 4x4

üí¨ Vehicle Description: https://t.co/YXyNOyjKm7

# 1 YEAR WARRANTY # 24‚Ä¶ https://t.co/rmL7G5CmGy"
2020-07-06,"RT @olowolekomoh: Fresh Stock üö® 

Foreign Used Toyota Corolla Sport 2005 - 2.150k 

Reg Toyota Corolla 2006 (baked) - 1.4m 

Naija Used Toy‚Ä¶"
2020-07-07,"RT @olowolekomoh: Fresh Stock üö® 

Foreign Used Toyota Corolla Sport 2005 - 2.150k 

Reg Toyota Corolla 2006 (baked) - 1.4m 

Naija Used Toy‚Ä¶"
2020-07-08,"@smegolas @NorthmanTrader Lol, what a ludicrous claim, man who thinks he has a crystal ball. They'll very possibly‚Ä¶ https://t.co/D5mNfzexqu"
2020-07-09,"RT @olowolekomoh: Fresh Stock üö® 

Foreign Used Toyota Corolla Sport 2005 - 2.150k 

Reg Toyota Corolla 2006 (baked) - 1.4m 

Naija Used Toy‚Ä¶"
2020-07-10,"RT @olowolekomoh: Fresh Stock üö® 

Foreign Used Toyota Corolla Sport 2005 - 2.150k 

Reg Toyota Corolla 2006 (baked) - 1.4m 

Naija Used Toy‚Ä¶"
2020-07-13,"Fresh Stock üö® 

Foreign Used Toyota Corolla Sport 2005 - 2.150k 

Reg Toyota Corolla 2006 (baked) - 1.4m 

Naija Us‚Ä¶ https://t.co/yzcpDSU1sY"
2020-07-14,"Electric auto-maker @Tesla saw its stock hit a record high on Monday, as shares rose 11.2 per cent to close at $1,8‚Ä¶ https://t.co/Gu8as4DL7X"
2020-07-15,New SUV in stock - 2016 Toyota 4Runner (Salvage) https://t.co/7X0JMcMjlo
2020-07-16,"A truly exhaustive article on $TSLA. ""Toyota‚Äôs market cap per car sold is the highest at ~$19.7k. Tesla‚Äôs market ca‚Ä¶ https://t.co/gjvLqxIZap"
2020-07-17,"Tesla Mkt Cap is ~$373 B after it‚Äôs stock crossed $2k for the 1st time

Market cap of top automakers in America ($B‚Ä¶ https://t.co/bp5A5pEpZ3"
2020-07-20,@XmagikJ20 @NASCAR @MonsterMile Toyota Association of Stock Car Auto Racing.
2020-07-21,"Toyota corolla S 2010 Model with sunroof touch screen available for sale price GHS44,000

 prospective buyers  shou‚Ä¶ https://t.co/BRIectYy6o"
2020-07-22,"If you're in the market for a new Toyota, our dealership is the place to go! We have a huge inventory of over 125 n‚Ä¶ https://t.co/VkH6jHabuY"
2020-07-23,Ready to stock up late model Lexus SUVs? Hop on OVE right now to check out this sweet 2017 Lexus RX 350 with a 4.2‚Ä¶ https://t.co/eA9FNFrEuu
2020-07-24,"Toyota Highlander XLE 2019 Model Fully loaded available for sale price GHS220,000
 prospective buyers  should Call‚Ä¶ https://t.co/ou6A3iS7lf"
2020-07-27,@awealthofcs @ritholtz $450 billion fully diluted ( all options in the money by now). That‚Äôs 2.4 Toyota‚Äôs. I‚Äôm down‚Ä¶ https://t.co/crj3aG8bdv
2020-07-28,"Stock #35290, Payment is OAC, May not be combined with any other offer. Offers are valid only at Gateway Toyota unt‚Ä¶ https://t.co/UxUC7HtK8E"
2020-07-29,"Like so many before you, come find YOUR Summer Deal at the I-10 Toyota Pre-Owned Supercenter:
‚òÄÔ∏è 105 Pre-Owned Cars‚Ä¶ https://t.co/P2E4NKdtfJ"
2020-07-30,RT @Relentlessbored: Lol according to the stock market Tesla is valued at the same amount Amazon was in 2016 while having negative margins‚Ä¶
2020-07-31,RT @Relentlessbored: Lol according to the stock market Tesla is valued at the same amount Amazon was in 2016 while having negative margins‚Ä¶
2020-08-03,Lol according to the stock market Tesla is valued at the same amount Amazon was in 2016 while having negative margi‚Ä¶ https://t.co/sIlokQG03u
2019-12-31,"Despite being a fan of Elon's vision and the EV trend, I gotta call this nonsense out. It's a cult stock that's com‚Ä¶ https://t.co/Qh1vjEyGks"
2020-01-02,"RT @cars_don: Toyota Avalon Limited Edition 2016 Model Fully loaded available for sale price GHS157,000
 prospective buyers  should Call DO‚Ä¶"
2020-01-03,"Quality Used 2017 &amp; 2018 

Toyota C-HR 1.2 Turbo petrol manual cars in stock 

‚úÖ comfortable 
‚úÖ stylish 
‚úÖ low road‚Ä¶ https://t.co/N9L6metL48"
2020-01-06,"Quality Used 2017 &amp; 2018 

Toyota C-HR 1.2 Turbo petrol manual cars in stock 

‚úÖ comfortable 
‚úÖ stylish 
‚úÖ low road‚Ä¶ https://t.co/pb7i9WNgS3"
2020-01-07,"Toyota Avalon Limited Edition 2016 Model Fully loaded available for sale price GHS157,000
 prospective buyers  shou‚Ä¶ https://t.co/m3pOXzd7a7"
2020-01-08,"Toyota Avalon Limited Edition 2016 Model Fully loaded available for sale price GHS157,000

 prospective buyers  sho‚Ä¶ https://t.co/iAIMTevZEP"
2020-01-09,CEO  Akio Toyda is creating curious change at  Toyota Motor Corporation. This is resulting in a curious drop in  TM stock.
2020-01-10,RT @HighVizAbility: New viz: The Rise of Tesla. This visualization shows the market cap and stock price of Tesla vs. the other major auto c‚Ä¶
2020-01-13,"Why buy your next car from Vertu Toyota?

‚òëÔ∏è Fantastic range of New and Used stock, with great deals to match
‚òëÔ∏è Fr‚Ä¶ https://t.co/PV3oWcuIBa"
2020-01-14,RT @Schuldensuehner: Just to put things into perspective. #Tesla has surged 18% since it announced a stock split 2days ago. Musk company no‚Ä¶
2020-01-15,Today i get to know that #Apple #Microsoft #Toyota and #Unilever is also Listed over LSE the London stock exchange.‚Ä¶ https://t.co/ffPhoXxn45
2020-01-16,RT @CruizAutoCity: @afrostain @retweet263 @mrLethario @SandraNabasirye @fortunechasi @agribusiness110 @JohnMuchenje4 @wau_femaleforce @GZMa‚Ä¶
2020-01-17,@HelenAngel @DomQuantum @goodyear I highly recommend buying a winter/wet weather set of tires and swapping them out‚Ä¶ https://t.co/ESSW2ZnIO8
2020-01-21,@afrostain @retweet263 @mrLethario @SandraNabasirye @fortunechasi @agribusiness110 @JohnMuchenje4 @wau_femaleforce‚Ä¶ https://t.co/YlSPdBLFxm
2020-01-22,RT @HighVizAbility: New viz: The Rise of Tesla. This visualization shows the market cap and stock price of Tesla vs. the other major auto c‚Ä¶
